"cohort_month","cohort_users","cohort_index","month_revenue","cumulative_revenue","cumulative_ltv"
"2010-12-01",885,0,572713.89,572713.89,647.13
"2010-12-01",885,1,276237.69,848951.58,959.27
"2010-12-01",885,2,233845.37,1082796.95,1223.50
"2010-12-01",885,3,303119.39,1385916.34,1566.01
"2010-12-01",885,4,204407.66,1590324.00,1796.98
"2010-12-01",885,5,336627.50,1926951.50,2177.35
"2010-12-01",885,6,314162.61,2241114.11,2532.33
"2010-12-01",885,7,310783.92,2551898.03,2883.50
"2010-12-01",885,8,331749.22,2883647.25,3258.36
"2010-12-01",885,9,472813.64,3356460.89,3792.61
"2010-12-01",885,10,456080.61,3812541.50,4307.96
"2010-12-01",885,11,513803.59,4326345.09,4888.53
"2010-12-01",885,12,185803.13,4512148.22,5098.47
"2011-01-01",417,0,293207.35,293207.35,703.14
"2011-01-01",417,1,55149.91,348357.26,835.39
"2011-01-01",417,2,63268.17,411625.43,987.11
"2011-01-01",417,3,71587.40,483212.83,1158.78
"2011-01-01",417,4,81114.09,564326.92,1353.30
"2011-01-01",417,5,84583.78,648910.70,1556.14
"2011-01-01",417,6,70107.40,719018.10,1724.26
"2011-01-01",417,7,72689.71,791707.81,1898.58
"2011-01-01",417,8,72023.65,863731.46,2071.30
"2011-01-01",417,9,111803.90,975535.36,2339.41
"2011-01-01",417,10,123882.10,1099417.46,2636.49
"2011-01-01",417,11,26464.82,1125882.28,2699.96
"2011-02-01",380,0,158142.07,158142.07,416.16
"2011-02-01",380,1,29043.24,187185.31,492.59
"2011-02-01",380,2,41134.38,228319.69,600.84
"2011-02-01",380,3,48238.86,276558.55,727.79
"2011-02-01",380,4,40147.91,316706.46,833.44
"2011-02-01",380,5,34223.23,350929.69,923.50
"2011-02-01",380,6,49706.63,400636.32,1054.31
"2011-02-01",380,7,62450.83,463087.15,1218.65
"2011-02-01",380,8,55380.06,518467.21,1364.39
"2011-02-01",380,9,64809.45,583276.66,1534.94
"2011-02-01",380,10,10600.22,593876.88,1562.83
"2011-03-01",452,0,200069.96,200069.96,442.63
"2011-03-01",452,1,30059.43,230129.39,509.14
"2011-03-01",452,2,59057.51,289186.90,639.79
"2011-03-01",452,3,42816.61,332003.51,734.52
"2011-03-01",452,4,51657.33,383660.84,848.81
"2011-03-01",452,5,40020.81,423681.65,937.35
"2011-03-01",452,6,64919.49,488601.14,1080.98
"2011-03-01",452,7,71023.95,559625.09,1238.11
"2011-03-01",452,8,71265.83,630890.92,1395.78
"2011-03-01",452,9,12868.02,643758.94,1424.25
"2011-04-01",300,0,122011.49,122011.49,406.70
"2011-04-01",300,1,29452.82,151464.31,504.88
"2011-04-01",300,2,25077.07,176541.38,588.47
"2011-04-01",300,3,24311.47,200852.85,669.51
"2011-04-01",300,4,26314.19,227167.04,757.22
"2011-04-01",300,5,30206.30,257373.34,857.91
"2011-04-01",300,6,28668.98,286042.32,953.47
"2011-04-01",300,7,34228.61,320270.93,1067.57
"2011-04-01",300,8,6350.10,326621.03,1088.74
"2011-05-01",284,0,124103.78,124103.78,436.99
"2011-05-01",284,1,18682.76,142786.54,502.77
"2011-05-01",284,2,20193.76,162980.30,573.87
"2011-05-01",284,3,19162.17,182142.47,641.35
"2011-05-01",284,4,27861.87,210004.34,739.45
"2011-05-01",284,5,32976.60,242980.94,855.57
"2011-05-01",284,6,33312.91,276293.85,972.87
"2011-05-01",284,7,179251.53,455545.38,1604.03
"2011-06-01",242,0,135742.95,135742.95,560.92
"2011-06-01",242,1,14805.15,150548.10,622.10
"2011-06-01",242,2,14155.40,164703.50,680.59
"2011-06-01",242,3,30961.59,195665.09,808.53
"2011-06-01",242,4,26754.54,222419.63,919.09
"2011-06-01",242,5,42808.25,265227.88,1095.98
"2011-06-01",242,6,8227.35,273455.23,1129.98
"2011-07-01",188,0,74008.75,74008.75,393.66
"2011-07-01",188,1,11789.67,85798.42,456.37
"2011-07-01",188,2,15534.18,101332.60,539.00
"2011-07-01",188,3,17551.47,118884.07,632.36
"2011-07-01",188,4,19512.11,138396.18,736.15
"2011-07-01",188,5,6072.16,144468.34,768.45
"2011-08-01",169,0,79756.10,79756.10,471.93
"2011-08-01",169,1,20962.93,100719.03,595.97
"2011-08-01",169,2,35503.90,136222.93,806.05
"2011-08-01",169,3,44541.76,180764.69,1069.61
"2011-08-01",169,4,15302.36,196067.05,1160.16
"2011-09-01",299,0,155103.90,155103.90,518.74
"2011-09-01",299,1,28853.02,183956.92,615.24
"2011-09-01",299,2,37033.97,220990.89,739.10
"2011-09-01",299,3,12305.93,233296.82,780.26
"2011-10-01",358,0,174721.76,174721.76,488.05
"2011-10-01",358,1,40026.68,214748.44,599.86
"2011-10-01",358,2,12621.10,227369.54,635.11
"2011-11-01",323,0,136592.12,136592.12,422.89
"2011-11-01",323,1,15284.61,151876.73,470.21
"2011-12-01",41,0,27059.46,27059.46,659.99
